"   ","OWNER_CODE"
"1","MAGU"
"2","APZU"
"3","UESU"
"4","SLSU"
"5","INNU"
"6","AAAU"
"7","SCMU"
"8","SEAU"
"9","SUTU"
"10","ICDU"
"11","RFLU"
"12","MCSU"
"13","TASU"
"14","ADQU"
"15","SJKU"
"16","MWCU"
"17","ASHU"
"18","DSZU"
"19","VSLU"
"20","ALRU"
"21","MRCU"
"22","GCLU"
"23","NRIU"
"24","JTDU"
"25","HWIU"
"26","EQPB"
"27","ACLU"
"28","SSTU"
"29","HKKU"
"30","SUKU"
"31","HLTU"
"32","YSRU"
"33","UMLU"
"34","KWCU"
"35","JNLU"
"36","JDMU"
"37","KENU"
"38","6612"
"39","7229"
"40","INCU"
"41","CORU"
"42","MDOU"
"43","FLDU"
"44","MTHH"
"45","TUPU"
"46","MHCU"
"47","GEDU"
"48","CPWU"
"49","KEZU"
"50","JCAU"
"51","DSXU"
"52","DMDU"
"53","SODU"
"54","ITKU"
"55","0710"
"56","KTKU"
"57","BXSU"
"58","GRTU"
"59","SSNU"
"60","LCYU"
"61","RCTU"
"62","BOMU"
"63","MRKU"
"64","GLDU"
"65","IALU"
"66","PRFU"
"67","RMTU"
"68","UNXU"
"69","BISU"
"70","PLCU"
"71","ECNU"
"72","ARTU"
"73","SNCU"
"74","PWCU"
"75","RDXU"
"76","HOYU"
"77","BOCU"
"78","ICTU"
"79","SHXU"
"80","CNNU"
"81","CQPU"
"82","ANNU"
"83","MRBU"
"84","AMLU"
"85","DJIU"
"86","PPDU"
"87","HGFU"
"88","LNDU"
"89","DERU"
"90","ULCU"
"91","FCLU"
"92","LGTU"
"93","PCLU"
"94","CUBU"
"95","GOMU"
"96","OSEU"
"97","JNIU"
"98","JIMU"
"99","LSNU"
"100","IGCU"
"101","6779"
"102","OKKU"
"103","SOSU"
"104","DPKU"
"105","LABU"
"106","JBKU"
"107","IENU"
"108","RONU"
"109","GPTU"
"110","ZIBU"
"111","AXEU"
"112","BCLU"
"113","HHTU"
"114","SFFU"
"115","HJMU"
"116","OSLU"
"117","CJXU"
"118","DALU"
"119","SLPU"
"120","FWLU"
"121","GCRU"
"122","SWEU"
"123","SLJU"
"124","HFMU"
"125","JPTU"
"126","CEAU"
"127","RWWL"
"128","CRSU"
"129","NDSU"
"130","MHSU"
"131","CRXU"
"132","KMTU"
"133","INKU"
"134","PHLU"
"135","HLGU"
"136","TLNU"
"137","SKHU"
"138","WGSU"
"139","PRKU"
"140","GIPU"
"141","BVIU"
"142","GRDU"
"143","FISU"
"144","SKRU"
"145","BSBU"
"146","CCSU"
"147","KIRU"
"148","CIIU"
"149","TOPU"
"150","LVNU"
"151","UAEU"
"152","NSDU"
"153","IICU"
"154","NFAU"
"155","LRIU"
"156","FABU"
"157","VNUU"
"158","JPHU"
"159","KCBU"
"160","OKAU"
"161","SCTU"
"162","MGBU"
"163","AMPU"
"164","QCLU"
"165","NIRU"
"166","BCCU"
"167","NFSU"
"168","PSCU"
"169","YINU"
"170","HFZU"
"171","HTWU"
"172","FITU"
"173","YCXU"
"174","LKMU"
"175","BSLU"
"176","IGLU"
"177","ZHWU"
"178","PNEU"
"179","PTMU"
"180","JPCU"
"181","FJOU"
"182","CYSU"
"183","SOEU"
"184","IIUU"
"185","HAHA"
"186","LCNU"
"187","IPGU"
"188","PEQU"
"189","BWTU"
"190","STIU"
"191","LHUU"
"192","CCFU"
"193","EMJU"
"194","TAEU"
"195","DNCU"
"196","NCSE"
"197","YHSU"
"198","MSKU"
"199","DVDU"
"200","BERU"
"201","JTMU"
"202","PRSU"
"203","CSQU"
"204","MGLU"
"205","AXIU"
"206","GWSU"
"207","PGHU"
"208","ASCU"
"209","DLQU"
"210","TNKU"
"211","GCIU"
"212","UNCU"
"213","OLYU"
"214","ARKU"
"215","CFUU"
"216","FOCU"
"217","CLSU"
"218","KLAU"
"219","TMEU"
"220","ACNU"
"221","MAOU"
"222","HARU"
"223","CONT"
"224","RWNU"
"225","TCZU"
"226","SHFU"
"227","HFUU"
"228","TNDU"
"229","SVKU"
"230","HCTU"
"231","HNLU"
"232","CP13"
"233","DIXU"
"234","BWPU"
"235","WBPU"
"236","DSLU"
"237","BOBU"
"238","MTLU"
"239","TDDU"
"240","CSMU"
"241","VIAU"
"242","STAR"
"243","SMCU"
"244","IDOU"
"245","SNAU"
"246","CHLU"
"247","CTCU"
"248","CETU"
"249","GSIU"
"250","VMTU"
"251","CHTL"
"252","DOEU"
"253","LBGU"
"254","NRYU"
"255","MELU"
"256","ZIM1"
"257","DFSU"
"258","EISU"
"259","TCKU"
"260","UETU"
"261","GATU"
"262","MSCU"
"263","TBJU"
"264","WHPU"
"265","BGBU"
"266","BRKU"
"267","HPSU"
"268","HDXU"
"269","MIEU"
"270","SSPU"
"271","GMDU"
"272","ADMU"
"273","GLLU"
"274","ARDU"
"275","SHNU"
"276","LAMU"
"277","GAZU"
"278","FPMU"
"279","DSBU"
"280","LSBU"
"281","CMCU"
"282","ALGU"
"283","GWIU"
"284","GQPU"
"285","IMNU"
"286","MXSU"
"287","SDXU"
"288","SILU"
"289","NOXU"
"290","KEML"
"291","ATBU"
"292","ALLU"
"293","EOSU"
"294","BSCU"
"295","SIFU"
"296","PNWU"
"297","UETT"
"298","MCLU"
"299","TWOU"
"300","TLSU"
"301","YTLU"
"302","MTMU"
"303","HYGU"
"304","CDDU"
"305","COLU"
"306","ALJU"
"307","CHWU"
"308","PULU"
"309","LXLU"
"310","ABSU"
"311","WHAU"
"312","AIMU"
"313","AMME"
"314","SGDU"
"315","YPLU"
"316","SHSU"
"317","BPTU"
"318","M"
"319","MDEU"
"320","RWCM"
"321","USEU"
"322","JLPU"
"323","MECU"
"324","WIMU"
"325","SAKC"
"326","ABRU"
"327","ROEU"
"328","CTWU"
"329","ORJU"
"330","WNDU"
"331","FBIU"
"332","TMSU"
"333","KNTU"
"334","PGAU"
"335","VNLU"
"336","KCMU"
"337","KPSU"
"338","KSCU"
"339","ZIM3"
"340","CCLU"
"341","DRYU"
"342","REGU"
"343","SNTU"
"344","CHIU"
"345","VSBU"
"346","CADU"
"347","QNNU"
"348","ISTU"
"349","NSSU"
"350","BBUU"
"351","MWMU"
"352","SCXU"
"353","MSRU"
"354","TDRU"
"355","PLAU"
"356","DLCU"
"357","ASEU"
"358","EMHU"
"359","WCGU"
"360","IMPU"
"361","FKIU"
"362","ESFU"
"363","NWRU"
"364","AMSU"
"365","4651"
"366","MSPU"
"367","SGRU"
"368","STOU"
"369","WKSU"
"370","ZONU"
"371","SJCU"
"372","ZOCU"
"373","PPAP"
"374","AGGR"
"375","QNLU"
"376","TJCU"
"377","CHBU"
"378","MMCU"
"379","ONLU"
"380","SFTU"
"381","CNPU"
"382","----"
"383","CP11"
"384","LHXU"
"385","AFFU"
"386","IDKU"
"387","VDCU"
"388","TCLU"
"389","HLBU"
"390","KKFU"
"391","CBHU"
"392","DFOU"
"393","LDNU"
"394","MIGU"
"395","CPMU"
"396","TPMU"
"397","GELU"
"398","GULU"
"399","DCIU"
"400","JSCU"
"401","CATU"
"402","EQPU"
"403","WCAU"
"404","SONU"
"405","CSVU"
"406","GLNC"
"407","TNCU"
"408","NONE"
"409","OKFU"
"410","HHXU"
"411","YAMJ"
"412","CODQ"
"413","FANU"
"414","VPLU"
"415","GNUU"
"416","CAVU"
"417","BGSU"
"418","MLSU"
"419","KFUU"
"420","SSFU"
"421","QSOU"
"422","BORU"
"423","LEXU"
"424","PEMU"
"425","PSLU"
"426","TRCB"
"427","4472"
"428","6620"
"429","SLSC"
"430","SGSU"
"431","DPSU"
"432","APCU"
"433","SHOU"
"434","OFSU"
"435","UNLU"
"436","FFEU"
"437","MLKU"
"438","NAKU"
"439","WMGU"
"440","FYCU"
"441","WALA"
"442","GESU"
"443","TCNU"
"444","EXFU"
"445","WWWU"
"446","ETEU"
"447","DSUU"
"448","FCYU"
"449","DXCU"
"450","CWWU"
"451","MNBU"
"452","JSSU"
"453","EASU"
"454","HUAU"
"455","PGXU"
"456","RTMU"
"457","CSOU"
"458","HAMU"
"459","STXU"
"460","WMIU"
"461","VICU"
"462","PHRU"
"463","LXHK"
"464","LIRU"
"465","XTRU"
"466","BLCU"
"467","HYDU"
"468","DOGU"
"469","QATU"
"470","ITRU"
"471","CIPU"
"472","DBCU"
"473","CONU"
"474","JAAU"
"475","AXCU"
"476","MBFU"
"477","FCBU"
"478","SMEU"
"479","WCCU"
"480","SDMU"
"481","ASTU"
"482","LHSU"
"483","MDSU"
"484","CBRU"
"485","ARCH"
"486","HNWU"
"487","HSTU"
"488","CTPU"
"489","VTWU"
"490","KFSU"
"491","GTKU"
"492","SAMP"
"493","CEOU"
"494","CYKU"
"495","EOLU"
"496","KDCU"
"497","OTAU"
"498","TCGU"
"499","NASU"
"500","APRU"
"501","SESU"
"502","KLTU"
"503","DNAU"
"504","MSGU"
"505","APLS"
"506","PCSU"
"507","GCNU"
"508","HOTU"
"509","SKIU"
"510","TMMU"
"511","LCRU"
"512","HZDU"
"513","SBSU"
"514","RWTU"
"515","KMSU"
"516","HLCU"
"517","SIKU"
"518","GSCU"
"519","YPCU"
"520","KLKU"
"521","SMZU"
"522","SSDU"
"523","CSIU"
"524","ZSMU"
"525","PORU"
"526","FDAU"
"527","SCSU"
"528","ICUU"
"529","CPHU"
"530","MBEU"
"531","IBTU"
"532","TCSU"
"533","NSJU"
"534","TLCU"
"535","GSAU"
"536","FKEU"
"537","BBZU"
"538","DFWU"
"539","4787"
"540","5804"
"541","HERU"
"542","XSCU"
"543","FTWU"
"544","ECCU"
"545","PCOU"
"546","ARMU"
"547","MRZU"
"548","ASGU"
"549","PESU"
"550","WSLU"
"551","HCLU"
"552","IOLO"
"553","IQCH"
"554","PFLU"
"555","CRIU"
"556","CZZA"
"557","YEEU"
"558","UPAU"
"559","GURU"
"560","CLKU"
"561","OSFU"
"562","NKTU"
"563","LFSU"
"564","TELU"
"565","NMBU"
"566","DWSU"
"567","GRYU"
"568","JTCU"
"569","JXIU"
"570","GTLU"
"571","HXHG"
"572","VCEU"
"573","WLGU"
"574","CBLU"
"575","GAEU"
"576","TEMU"
"577","UXXU"
"578","TEXU"
"579","HDMU"
"580","SKLU"
"581","MBIU"
"582","SIPU"
"583","CNSU"
"584","CNCU"
"585","NLLU"
"586","LLTU"
"587","AMZU"
"588","GILU"
"589","RZZU"
"590","ICSU"
"591","CLOU"
"592","XBIU"
"593","CICU"
"594","BTLU"
"595","NTTU"
"596","FWUU"
"597","YWCU"
"598","HBSU"
"599","GMMU"
"600","DCOU"
"601","ANCU"
"602","JACU"
"603","BOIU"
"604","DWAU"
"605","6027"
"606","GTCU"
"607","GSBU"
"608","BPIU"
"609","WMXU"
"610","GTIU"
"611","EIMU"
"612","WSAU"
"613","CDXU"
"614","AAMU"
"615","UGSU"
"616","JDTU"
"617","HKXU"
"618","ITSU"
"619","NOWU"
"620","KRIU"
"621","SPAN"
"622","JCMU"
"623","SBIK"
"624","TPZU"
"625","BSGU"
"626","PTLU"
"627","GMRL"
"628","RCOU"
"629","JHTU"
"630","RLXU"
"631","HLKU"
"632","MXXU"
"633","HLXU"
"634","SNBU"
"635","MOEU"
"636","MOLU"
"637","BLKU"
"638","OCBU"
"639","UTTU"
"640","WLNU"
"641","TPCU"
"642","WICU"
"643","MTCU"
"644","SIIU"
"645","BRGU"
"646","IFLU"
"647","HPCU"
"648","WSCU"
"649","EWLU"
"650","ALCU"
"651","RHNU"
"652","FFXU"
"653","TGU2"
"654","KCSU"
"655","FBCU"
"656","USAU"
"657","SBLU"
"658","MRUU"
"659","LASU"
"660","FEPU"
"661","ZPLU"
"662","CKLU"
"663","GOAU"
"664","MFTU"
"665","MWLU"
"666","DTIU"
"667","NZLU"
"668","GRRU"
"669","MOCU"
"670","HPGU"
"671","LBIU"
"672","BCGU"
"673","T804"
"674","BGFU"
"675","RKKU"
"676","HMIU"
"677","GIFU"
"678","CXHU"
"679","NINU"
"680","EECU"
"681","BSLR"
"682","CLVU"
"683","HBLU"
"684","LBOU"
"685","YCCU"
"686","REVU"
"687","YPSU"
"688","ACDU"
"689","PREU"
"690","JTAU"
"691","KZCU"
"692","BLLU"
"693","CIFU"
"694","IBMU"
"695","SKJU"
"696","PLOU"
"697","TRCU"
"698","CAIU"
"699","EGHU"
"700","MOTU"
"701","PONU"
"702","ITAU"
"703","SCZU"
"704","TSTU"
"705","CRTU"
"706","RCLU"
"707","MCKU"
"708","CHFU"
"709","MEXU"
"710","CWLU"
"711","ATSU"
"712","FCSU"
"713","SHCU"
"714","EMSU"
"715","UMAU"
"716","SAHU"
"717","ZLSU"
"718","IWSU"
"719","CDCC"
"720","TPTU"
"721","BLJU"
"722","CAEU"
"723","STGU"
"724","UCLU"
"725","KWLU"
"726","TAKU"
"727","CQSU"
"728","MTYU"
"729","GPLU"
"730","AELU"
"731","BOTU"
"732","KJSU"
"733","ZFRU"
"734","TCLC"
"735","BAXU"
"736","FINU"
"737","8246"
"738","6887"
"739","AKSU"
"740","XSSU"
"741","POSL"
"742","ITOU"
"743","HSLU"
"744","ZSCU"
"745","KTNU"
"746","SEDU"
"747","TPSU"
"748","JERU"
"749","STDU"
"750","AHLU"
"751","XYDU"
"752","SOWU"
"753","WSMU"
"754","PRMU"
"755","PACU"
"756","JMWU"
"757","DTCU"
"758","CXDU"
"759","ONTU"
"760","MLCU"
"761","FBLU"
"762","FULU"
"763","TRDU"
"764","JOLU"
"765","MTGU"
"766","ACSU"
"767","CEUU"
"768","HBTU"
"769","SBEU"
"770","HANU"
"771","ISHU"
"772","VANU"
"773","SKYU"
"774","TMIU"
"775","LGEU"
"776","CLIU"
"777","NCZU"
"778","CCEU"
"779","MHQU"
"780","WAEU"
"781","JBHU"
"782","9275"
"783","USNX"
"784","OGTU"
"785","DTLU"
"786","UNSU"
"787","CBIU"
"788","LFIU"
"789","SMPU"
"790","OPDU"
"791","4145"
"792","LJUU"
"793","AONU"
"794","UASU"
"795","LSFU"
"796","UBEU"
"797","DBGU"
"798","YBLU"
"799","LTGU"
"800","SBXU"
"801","ALQU"
"802","OKBU"
"803","FSIU"
"804","PCRU"
"805","EESU"
"806","SDBU"
"807","KQFU"
"808","MCBU"
"809","RBTU"
"810","ICKU"
"811","LSKU"
"812","XBNT"
"813","CLAU"
"814","LSLU"
"815","ZIM2"
"816","FCIU"
"817","SEGU"
"818","GCSU"
"819","CAXU"
"820","MATU"
"821","SUDU"
"822","JOTU"
"823","BIDU"
"824","CZTU"
"825","ORCU"
"826","STBU"
"827","RLSU"
"828","JHFU"
"829","CISU"
"830","HCZU"
"831","EMKU"
"832","TSAU"
"833","CNGU"
"834","HIIU"
"835","ANYU"
"836","EGU7"
"837","TOEU"
"838","USNU"
"839","WCSU"
"840","AFIU"
"841","BNFL"
"842","CEIU"
"843","KUEX"
"844","PGOU"
"845","SCFU"
"846","TMFU"
"847","BJXU"
"848","BLTU"
"849","9954"
"850","CCPU"
"851","SBTN"
"852","BCIU"
"853","AHCU"
"854","5602"
"855","MHDU"
"856","GAMU"
"857","INLU"
"858","TGSU"
"859","IEGU"
"860","AEAU"
"861","PBKU"
"862","ALZU"
"863","GZSU"
"864","MSLI"
"865","RWAC"
"866","WSEU"
"867","9363"
"868","TYNE"
"869","ZGRU"
"870","NORU"
"871","HKHU"
"872","ALOU"
"873","APVU"
"874","CRCU"
"875","STCU"
"876","NTSU"
"877","SDFU"
"878","PBIU"
"879","MMFU"
"880","TAYU"
"881","TENV"
"882","OOLU"
"883","GSLU"
"884","FJKU"
"885","MEDU"
"886","MAXU"
"887","SZLU"
"888","KMLU"
"889","AMCU"
"890","GETU"
"891","AKLU"
"892","VTGU"
"893","SPKU"
"894","WSDU"
"895","SNIU"
"896","WCIU"
"897","ESDU"
"898","JHSU"
"899","PEKU"
"900","RWLU"
"901","TGTU"
"902","OWLU"
"903","YTIU"
"904","GRIU"
"905","YTCU"
"906","MOSU"
"907","DAYU"
"908","WBXU"
"909","TORU"
"910","CBXU"
"911","ZHCU"
"912","IGEU"
"913","BCHU"
"914","BGCU"
"915","THLU"
"916","ATOU"
"917","CASU"
"918","XXXX"
"919","PCHU"
"920","BACU"
"921","BJMU"
"922","SFIU"
"923","BETU"
"924","ORNU"
"925","GLBU"
"926","PPCU"
"927","TTJU"
"928","NETU"
"929","MGMU"
"930","VSCU"
"931","MDTU"
"932","LMCU"
"933","FBKU"
"934","DENU"
"935","PTRU"
"936","UGGU"
"937","VCU2"
"938","TONU"
"939","NEOU"
"940","IPSU"
"941","BULU"
"942","CSXU"
"943","SNWU"
"944","CSRU"
"945","NMSU"
"946","EXOU"
"947","TKIU"
"948","TRMU"
"949","NCRU"
"950","RYDU"
"951","PGTU"
"952","GVDU"
"953","TIFU"
"954","MIIU"
"955","FESU"
"956","TISU"
"957","SNHU"
"958","MORU"
"959","RZDU"
"960","GRMU"
"961","SKTU"
"962","ALNU"
"963","HSIU"
"964","TOGC"
"965","LINU"
"966","BNGU"
"967","NOLU"
"968","TEBU"
"969","KHLU"
"970","SSMU"
"971","DVTU"
"972","TJXU"
"973","FRAU"
"974","SHYU"
"975","NSAU"
"976","WLCU"
"977","BEBU"
"978","TATU"
"979","PARU"
"980","SOFU"
"981","ECON"
"982","ETTU"
"983","DONU"
"984","ARRU"
"985","TBLU"
"986","PYHK"
"987","PEXU"
"988","CGBU"
"989","WESU"
"990","IXKU"
"991","NGLS"
"992","UPVU"
"993","TKXU"
"994","HHCU"
"995","STLU"
"996","NCUU"
"997","BURU"
"998","TFTU"
"999","LUMU"
"1000","LSIU"
"1001","CLTU"
"1002","CEMI"
"1003","TCPU"
"1004","PCIU"
"1005","EITU"
"1006","CARU"
"1007","PCVU"
"1008","SUZU"
"1009","SMLU"
"1010","SBAU"
"1011","RMCU"
"1012","GOJU"
"1013","TPHU"
"1014","PSSU"
"1015","KFXU"
"1016","TCVU"
"1017","PKEU"
"1018","JTLU"
"1019","CVTU"
"1020","AIRU"
"1021","MSWU"
"1022","SECS"
"1023","IDSU"
"1024","JCCU"
"1025","4000"
"1026","EMAU"
"1027","AMXU"
"1028","CKCU"
"1029","HDCU"
"1030","RRSU"
"1031","MXMU"
"1032","LSPU"
"1033","JSLU"
"1034","FWCU"
"1035","SDDU"
"1036","POLU"
"1037","4749"
"1038","6926"
"1039","WOSU"
"1040","PHTU"
"1041","FRSU"
"1042","FAMU"
"1043","SBDU"
"1044","SFUU"
"1045","CMIU"
"1046","ITMU"
"1047","YBFU"
"1048","HNKU"
"1049","LEDU"
"1050","MBBU"
"1051","SBPU"
"1052","HZWU"
"1053","GAOU"
"1054","ACOU"
"1055","YILU"
"1056","RMIU"
"1057","INGU"
"1058","COSU"
"1059","CSLU"
"1060","MSLU"
"1061","ZCSU"
"1062","HJCU"
"1063","TRIU"
"1064","SAXU"
"1065","SECU"
"1066","FBXU"
"1067","CNIU"
"1068","TEGU"
"1069","FEAU"
"1070","VCUU"
"1071","NDLU"
"1072","ITXU"
"1073","GEAR"
"1074","ZHLU"
"1075","EARU"
"1076","IAAU"
"1077","BEXU"
"1078","GWXU"
"1079","TQMU"
"1080","UMXU"
"1081","PERU"
"1082","MSFU"
"1083","PPLU"
"1084","WCTU"
"1085","CNEU"
"1086","SBIU"
"1087","LYGU"
"1088","DBOU"
"1089","LESU"
"1090","GFUU"
"1091","EUVU"
"1092","AIDU"
"1093","FXEU"
"1094","TSGU"
"1095","IRIU"
"1096","NEWU"
"1097","STOA"
"1098","BSZU"
"1099","NKBU"
"1100","AXLU"
"1101","PASU"
"1102","SDSU"
"1103","XCMC"
"1104","NPTU"
"1105","EPCU"
"1106","OKEU"
"1107","SAKU"
"1108","ABCD"
"1109","SRNU"
"1110","EFGU"
"1111","INUI"
"1112","SGIU"
"1113","TDHU"
"1114","RRRU"
"1115","AZLU"
"1116","YGCU"
"1117","JDYU"
"1118","MOFU"
"1119","TLXU"
"1120","BEAU"
"1121","DVRU"
"1122","JAYU"
"1123","UGMU"
"1124","DKOU"
"1125","MMSU"
"1126","KLIU"
"1127","SWTU"
"1128","TAHU"
"1129","CTMU"
"1130","PVCU"
"1131","KINU"
"1132","MPLU"
"1133","CRRU"
"1134","USFU"
"1135","AITU"
"1136","MGGU"
"1137","MWSU"
"1138","UNDU"
"1139","IECU"
"1140","JSUN"
"1141","FWDU"
"1142","MICU"
"1143","8000"
"1144","OCLU"
"1145","PCCU"
"1146","YOLU"
"1147","RLTU"
"1148","DNVU"
"1149","FKLU"
"1150","9531"
"1151","TWRU"
"1152","FCDC"
"1153","RDMU"
"1154","BSSU"
"1155","HTLU"
"1156","CAPU"
"1157","TRSK"
"1158","MKHU"
"1159","EFCU"
"1160","QSCU"
"1161","CCGU"
"1162","APSU"
"1163","RWUU"
"1164","DODU"
"1165","JDNU"
"1166","IDPU"
"1167","MEKS"
"1168","CAMU"
"1169","BFKU"
"1170","CMUU"
"1171","PSKU"
"1172","JJXU"
"1173","SDEG"
"1174","TPLU"
"1175","ESTU"
"1176","EMCU"
"1177","WHSU"
"1178","POCU"
"1179","GCCU"
"1180","SVWU"
"1181","COIU"
"1182","CMBU"
"1183","SMSU"
"1184","AVSU"
"1185","DHDU"
"1186","BONU"
"1187","JJCU"
"1188","NOSU"
"1189","TAYO"
"1190","RPRU"
"1191","JKTU"
"1192","OFFU"
"1193","SMAU"
"1194","GCUU"
"1195","BESU"
"1196","FORU"
"1197","MGSS"
"1198","SOSC"
"1199","TTRU"
"1200","IEAU"
"1201","ZGXU"
"1202","1507"
"1203","SVSU"
"1204","6849"
"1205","ICLU"
"1206","RORU"
"1207","NISU"
"1208","BCKU"
"1209","SCOU"
"1210","TNSU"
"1211","CELU"
"1212","UAFU"
"1213","AOCU"
"1214","RERE"
"1215","NRCU"
"1216","KMCU"
"1217","CSNU"
"1218","MOGU"
"1219","TINU"
"1220","MWWU"
"1221","ZENU"
"1222","SSBU"
"1223","IESU"
"1224","PANU"
"1225","U567"
"1226","CLBU"
"1227","SZRU"
"1228","STJU"
"1229","2106"
"1230","PFDU"
"1231","SEYU"
"1232","SORU"
"1233","LLLU"
"1234","TRHU"
"1235","BMOU"
"1236","IPXU"
"1237","DGFU"
"1238","TNOU"
"1239","SWFU"
"1240","CRJU"
"1241","MXCU"
"1242","XRCU"
"1243","TITU"
"1244","ENRU"
"1245","YMMU"
"1246","MBJU"
"1247","ANSU"
"1248","NCLU"
"1249","SAMU"
"1250","XXXU"
"1251","DJDU"
"1252","CPLU"
"1253","QCSC"
"1254","MLNU"
"1255","SHEL"
"1256","LCGU"
"1257","KIGU"
"1258","PXLU"
"1259","TKCU"
"1260","ATRU"
"1261","DJCU"
"1262","ML65"
"1263","CXGU"
"1264","CIMU"
"1265","CCIU"
"1266","QCRC"
"1267","MCAU"
"1268","LTXU"
"1269","DCZU"
"1270","GLCU"
"1271","EGUU"
"1272","PNIU"
"1273","BC20"
"1274","LBCU"
"1275","PHEU"
"1276","IEMU"
"1277","HUCU"
"1278","PDLU"
"1279","ADLU"
"1280","MLDU"
"1281","TYJU"
"1282","DLJU"
"1283","XJYU"
"1284","YELU"
"1285","XHLU"
"1286","CYDU"
"1287","WOEU"
"1288","DAAU"
"1289","TRTU"
"1290","TUCU"
"1291","AZTU"
"1292","TKUU"
"1293","FSCU"
"1294","AMFU"
"1295","CGMU"
"1296","CXTU"
"1297","SGCU"
"1298","NEXU"
"1299","NPCU"
"1300","GVTU"
"1301","VCSU"
"1302","TABU"
"1303","YOIU"
"1304","RIXU"
"1305","CHAU"
"1306","CSCU"
"1307","CZZU"
"1308","RAVU"
"1309","VCXU"
"1310","GCEU"
"1311","SJYU"
"1312","VMLU"
"1313","SINU"
"1314","SGLU"
"1315","CHUU"
"1316","LOGU"
"1317","CRYU"
"1318","HCSU"
"1319","PBSU"
"1320","HAKU"
"1321","WAIU"
"1322","CSFU"
"1323","SEFU"
"1324","YCLU"
"1325","DHIU"
"1326","FLZU"
"1327","CBMU"
"1328","TKLU"
"1329","CYMU"
"1330","UFTU"
"1331","SLZU"
"1332","GSSU"
"1333","PIFU"
"1334","TSCU"
"1335","YMBU"
"1336","RFSU"
"1337","LCKU"
"1338","NTCU"
"1339","MANU"
"1340","COYU"
"1341","THMU"
"1342","DTXU"
"1343","JXHU"
"1344","POAU"
"1345","UFCU"
"1346","MBCU"
"1347","GGSU"
"1348","PXCU"
"1349","CSCL"
"1350","FPTU"
"1351","HTCU"
"1352","MXFU"
"1353","FUJU"
"1354","TICU"
"1355","SLDU"
"1356","TTHU"
"1357","UTEU"
"1358","AFLU"
"1359","GCXU"
"1360","TGHU"
"1361","TRLU"
"1362","BHCU"
"1363","ECMU"
"1364","SENU"
"1365","TSLU"
"1366","RGHU"
"1367","APLU"
"1368","HJLU"
"1369","TNLU"
"1370","NCTU"
"1371","ZNZU"
"1372","TDCU"
"1373","DSCU"
"1374","IVLU"
"1375","ZHGU"
"1376","MBXU"
"1377","NSKU"
"1378","LCEU"
"1379","AKCU"
"1380","MWTU"
"1381","KPMU"
"1382","SANU"
"1383","SFCU"
"1384","ILIU"
"1385","WFLU"
"1386","WAGU"
"1387","HCOU"
"1388","SNGU"
"1389","DCSU"
"1390","XMPU"
"1391","MPCU"
"1392","XBCU"
"1393","MBMU"
"1394","7234"
"1395","4238"
"1396","GEAU"
"1397","ATLU"
"1398","INUU"
"1399","TXLX"
"1400","TTLU"
"1401","NTRU"
"1402","CSUU"
"1403","MSUU"
"1404","PNMU"
"1405","TORO"
"1406","DCRU"
"1407","XCMU"
"1408","TDTU"
"1409","SPTU"
"1410","SHPU"
"1411","ZLZU"
"1412","ROLU"
"1413","YSDU"
"1414","NKCU"
"1415","KTWU"
"1416","CDEU"
"1417","JHGU"
"1418","NQIU"
"1419","VERU"
"1420","SPSU"
"1421","RZHU"
"1422","VHSU"
"1423","RSSU"
"1424","GNCU"
"1425","GLQU"
"1426","KNCU"
"1427","HALU"
"1428","SPCU"
"1429","HCIU"
"1430","TRKU"
"1431","ICOU"
"1432","MCRU"
"1433","YANU"
"1434","FSKU"
"1435","TBCU"
"1436","OKZU"
"1437","KWMU"
"1438","TCCU"
"1439","TMLU"
"1440","BRFU"
"1441","GRPU"
"1442","KHFU"
"1443","MOOU"
"1444","KOSU"
"1445","5507"
"1446","KUDU"
"1447","YKTU"
"1448","COOU"
"1449","MBOU"
"1450","SATU"
"1451","HSCU"
"1452","4788"
"1453","SOCU"
"1454","AUDU"
"1455","JLXU"
"1456","MBLU"
"1457","JWCU"
"1458","XPOU"
"1459","RPAK"
"1460","FFMU"
"1461","T250"
"1462","DHCU"
"1463","JGHU"
"1464","FCGU"
"1465","HCHU"
"1466","MBHU"
"1467","CCCU"
"1468","CRAU"
"1469","ICBU"
"1470","GSPU"
"1471","GPIU"
"1472","T805"
"1473","ATTU"
"1474","CFCU"
"1475","PAAU"
"1476","ALPG"
"1477","NHCU"
"1478","NSCU"
"1479","HKMU"
"1480","LSSU"
"1481","SNLU"
"1482","CLDU"
"1483","XASP"
"1484","MAEU"
"1485","APHU"
"1486","KKTU"
"1487","NCCU"
"1488","WFHU"
"1489","NNAU"
"1490","DYLU"
"1491","FRLU"
"1492","CRWU"
"1493","KNLU"
"1494","TCIU"
"1495","TKRU"
"1496","KHJU"
"1497","MTBU"
"1498","CDKU"
"1499","LHGU"
"1500","BNFU"
"1501","TMCU"
"1502","SLWU"
"1503","ITLU"
"1504","AUMU"
"1505","MGNU"
"1506","YHLU"
"1507","FSMU"
"1508","SARU"
"1509","VDLU"
"1510","SCCU"
"1511","BBTU"
"1512","PGFU"
"1513","ACEU"
"1514","7111"
"1515","4286"
"1516","EKTU"
"1517","KITU"
"1518","TJPU"
"1519","XBNB"
"1520","PNEA"
"1521","FTLU"
"1522","BWMU"
"1523","AGOU"
"1524","BXRU"
"1525","CANU"
"1526","TTIU"
"1527","BRTU"
"1528","HOLU"
"1529","PUMU"
"1530","TLHU"
"1531","DPCU"
"1532","RVHU"
"1533","CJFU"
"1534","STEW"
"1535","XYLU"
"1536","OCVU"
"1537","HGCU"
"1538","UCMU"
"1539","SYLU"
"1540","9334"
"1541","DHBU"
"1542","SBNU"
"1543","OTCU"
"1544","LCLU"
"1545","LEGU"
"1546","ADXU"
"1547","LTIU"
"1548","BSIU"
"1549","HMCU"
"1550","OCGU"
"1551","GVCU"
"1552","NONU"
"1553","HASU"
"1554","CRLU"
"1555","CCRU"
"1556","DTOU"
"1557","EQUU"
"1558","TGCU"
"1559","CPIU"
"1560","HESU"
"1561","RXTU"
"1562","GNXU"
"1563","FOHU"
"1564","ASKU"
"1565","ETNU"
"1566","PRXU"
"1567","QPCU"
"1568","TILU"
"1569","RYCU"
"1570","BBCU"
"1571","NKLU"
"1572","ATKU"
"1573","NKYU"
"1574","BVTC"
"1575","FLAU"
"1576","GMTU"
"1577","CGIU"
"1578","SKHA"
"1579","TGXU"
"1580","UENU"
"1581","RSTU"
"1582","JPSU"
"1583","JMLU"
"1584","ZIPU"
"1585","BICU"
"1586","4014"
"1587","3149"
"1588","BBXU"
"1589","IMLU"
"1590","VOLU"
"1591","BVFU"
"1592","TRGU"
"1593","OUTU"
"1594","FMUU"
"1595","PWEU"
"1596","NYTU"
"1597","VGCU"
"1598","MBTU"
"1599","ATHU"
"1600","SNJU"
"1601","HTXU"
"1602","RJSU"
"1603","HXCU"
"1604","PHVU"
"1605","BOEU"
"1606","HZLU"
"1607","NYKU"
"1608","IMTU"
"1609","KMBU"
"1610","HNSU"
"1611","INBU"
"1612","JXLU"
"1613","CXSU"
"1614","IKSU"
"1615","BAFU"
"1616","NPUU"
"1617","NESU"
"1618","NIDU"
"1619","REDU"
"1620","FXLU"
"1621","SZEU"
"1622","AWSU"
"1623","LLZU"
"1624","FONU"
"1625","YMCU"
"1626","TOSU"
"1627","GGGU"
"1628","HITU"
"1629","PRGU"
"1630","IKKU"
"1631","ZETU"
"1632","CHXU"
"1633","FIIU"
"1634","GMCU"
"1635","HACU"
"1636","VNXU"
"1637","RJMU"
"1638","ASLU"
"1639","AFPU"
"1640","CTRU"
"1641","SPNU"
"1642","DADU"
"1643","REMU"
"1644","BKSU"
"1645","SBHU"
"1646","EJCU"
"1647","GDAU"
"1648","HSUD"
"1649","BCXU"
"1650","HYCU"
"1651","QUBU"
"1652","WIKU"
"1653","JNCU"
"1654","DOVU"
"1655","IEUU"
"1656","TIDU"
"1657","RAWU"
"1658","UPCU"
"1659","SXXU"
"1660","EIAU"
"1661","HZCU"
"1662","BXNU"
"1663","ZCIU"
"1664","ONEU"
"1665","MEFU"
"1666","YHMU"
"1667","FHLU"
"1668","EKYU"
"1669","MAT4"
"1670","JINU"
"1671","EIDU"
"1672","EGSU"
"1673","TTNU"
"1674","ESPU"
"1675","CXRU"
"1676","TOLU"
"1677","EURU"
"1678","CTXU"
"1679","LNXU"
"1680","DACU"
"1681","RSGU"
"1682","CPGU"
"1683","HMSU"
"1684","BLZU"
"1685","CPBU"
"1686","RSLU"
"1687","ESAU"
"1688","ALTU"
"1689","MARU"
"1690","ECAU"
"1691","ICAU"
"1692","GALU"
"1693","GHMU"
"1694","YNTU"
"1695","ZHHU"
"1696","AACU"
"1697","ANLU"
"1698","FAAU"
"1699","GLPU"
"1700","FAVU"
"1701","CXNU"
"1702","VASU"
"1703","9406"
"1704","FTIU"
"1705","KYRU"
"1706","STSU"
"1707","SNKU"
"1708","XCSU"
"1709","LGAU"
"1710","SMBU"
"1711","AROU"
"1712","TGBU"
"1713","CULU"
"1714","BMIU"
"1715","AILU"
"1716","KMIU"
"1717","PPMU"
"1718","IJTU"
"1719","YARJ"
"1720","UHNP"
"1721","MAZU"
"1722","MERU"
"1723","CNHU"
"1724","TACU"
"1725","GUTU"
"1726","FDCU"
"1727","LCSU"
"1728","TYSU"
"1729","XTGU"
"1730","YPWU"
"1731","CMAU"
"1732","XINU"
"1733","MOAU"
"1734","CLHU"
"1735","PMLU"
"1736","HJSU"
"1737","GSTU"
"1738","JXJU"
"1739","UNIU"
"1740","TWCU"
"1741","CMNU"
"1742","XFCU"
"1743","XHCU"
"1744","LFGU"
"1745","FXHU"
"1746","TIHU"
"1747","BJHU"
"1748","TBUU"
"1749","STMU"
"1750","FMMU"
"1751","COPU"
"1752","GCCG"
"1753","SGPU"
"1754","TSBU"
"1755","RJCU"
"1756","ELCU"
"1757","SYNU"
"1758","RCXU"
"1759","NEPU"
"1760","JXCU"
"1761","PLGU"
"1762","AKAU"
"1763","EAXU"
"1764","JDRU"
"1765","YUTU"
"1766","YUKU"
"1767","BSPU"
"1768","9156"
"1769","HGIU"
"1770","TIGU"
"1771","PLLU"
"1772","MRTU"
"1773","IMCU"
"1774","TKHU"
"1775","CKXU"
"1776","TSSU"
"1777","VALU"
"1778","TAIU"
"1779","RWHU"
"1780","BARU"
"1781","THQU"
"1782","SCEU"
"1783","CKBU"
"1784","CHSU"
"1785","MISU"
"1786","HSBU"
"1787","IIJU"
"1788","RDWU"
"1789","OERU"
"1790","RFCU"
"1791","IDTU"
"1792","IRNU"
"1793","HGTU"
"1794","ESIU"
"1795","IHOU"
"1796","DDDU"
"1797","MVIU"
"1798","NYCU"
"1799","AAFU"
"1800","WPLU"
"1801","OKTU"
"1802","EHSU"
"1803","PCCA"
"1804","ZJQU"
"1805","PTSB"
"1806","SPLU"
"1807","KICU"
"1808","CRDU"
"1809","CTLU"
"1810","JSKU"
"1811","UELB"
"1812","CYCU"
"1813","STNU"
"1814","SUNU"
"1815","CEZU"
"1816","6507"
"1817","CFZU"
"1818","1511"
"1819","XCLU"
"1820","NYDU"
"1821","BINU"
"1822","GRGU"
"1823","IGHU"
"1824","RUSU"
"1825","CTBU"
"1826","HRSU"
"1827","MVLU"
"1828","MBGU"
"1829","TYLU"
"1830","BNSU"
"1831","KTDU"
"1832","RINU"
"1833","TNIU"
"1834","YYCU"
"1835","SHKU"
"1836","FFLU"
"1837","OVLU"
"1838","FHRU"
"1839","SYTU"
"1840","TENU"
"1841","HAHU"
"1842","UACU"
"1843","ZIMU"
"1844","YMLU"
"1845","SITU"
"1846","HMMU"
"1847","CPSU"
"1848","XTCU"
"1849","ALMU"
"1850","NRSU"
"1851","ITDU"
"1852","IRSU"
"1853","APMU"
"1854","FSNU"
"1855","ACCU"
"1856","SJUU"
"1857","EXXU"
"1858","ISLU"
"1859","SCGU"
"1860","OOCU"
"1861","PDQU"
"1862","YALZ"
"1863","ZWFU"
"1864","SYMU"
"1865","ANRU"
"1866","RECU"
"1867","DDFU"
"1868","OTMU"
"1869","AXBU"
"1870","WJSU"
"1871","KJJU"
"1872","ILSU"
"1873","00LU"
"1874","MNLU"
"1875","TDIU"
"1876","TLLU"
"1877","SJLU"
"1878","SHDU"
"1879","ESGU"
"1880","UNOU"
"1881","MINU"
"1882","RWAU"
"1883","FOGU"
"1884","CSPU"
"1885","5908"
"1886","APTU"
"1887","HEXU"
"1888","OREU"
"1889","ZMOU"
"1890","ISMU"
"1891","EFIU"
"1892","BFJU"
"1893","OBTU"
"1894","DJLU"
"1895","NEVU"
"1896","JCTU"
"1897","TMTU"
"1898","CLLU"
"1899","RCCU"
"1900","DHGU"
"1901","SDCU"
"1902","BMNU"
"1903","AGLU"
"1904","FALU"
"1905","WNKU"
"1906","TADU"
"1907","WCRU"
"1908","MOBU"
"1909","NMDU"
"1910","FMSU"
"1911","TRVU"
"1912","ITCU"
"1913","PGRU"
"1914","WHLU"
"1915","ILUU"
"1916","SIMU"
"1917","QIEU"
"1918","UTCU"
"1919","KLFU"
"1920","RALU"
"1921","MUKU"
"1922","HELU"
"1923","DSMU"
"1924","ABCU"
"1925","USPU"
"1926","JKCU"
"1927","NATU"
"1928","KYWU"
"1929","TWLU"
"1930","MMAU"
"1931","CREU"
"1932","QIBU"
"1933","AGBU"
"1934","FUDU"
"1935","TWSU"
"1936","EBCU"
"1937","KTFU"
"1938","PALU"
"1939","LMSU"
"1940","HRZU"
"1941","MRSU"
"1942","BBMU"
"1943","UCSU"
"1944","DOLU"
"1945","CFXU"
"1946","CBCU"
"1947","4012"
"1948","ANDU"
"1949","LEPU"
"1950","ITTU"
"1951","LEAU"
"1952","BBBU"
"1953","SXTU"
"1954","MCDU"
"1955","COXU"
"1956","GFCU"
"1957","HOUU"
"1958","BZTU"
"1959","CABU"
"1960","DSRU"
"1961","TRSU"
"1962","ABLU"
"1963","HVTU"
"1964","OCCU"
"1965","RCDU"
